{"cameraMode":{"drawMode":0,"name":"Shaded","section":"Shading Mode"},"sceneLighting":true,"audioPlay":false,"sceneViewState":{"showFog":true,"showMaterialUpdate":false,"showSkybox":false,"showFlares":true,"showImageEffects":true,"showParticleSystems":true},"in2DMode":false,"pivot":{"x":0.6349835395812988,"y":1.6687654256820679,"z":1.4930198192596436},"rotation":{"x":0.10998880118131638,"y":-0.8055511713027954,"z":0.1581060141324997,"w":0.5603675246238709},"size":1.0052695274353028,"orthographic":false}