{"cameraMode":{"drawMode":0,"name":"Shaded","section":"Shading Mode"},"sceneLighting":false,"audioPlay":false,"sceneViewState":{"showFog":true,"showMaterialUpdate":false,"showSkybox":false,"showFlares":true,"showImageEffects":true,"showParticleSystems":true},"in2DMode":false,"pivot":{"x":-0.08936834335327149,"y":-0.3135731816291809,"z":0.5434339642524719},"rotation":{"x":0.057140059769153598,"y":-0.9389575719833374,"z":0.191616028547287,"w":0.27998074889183047},"size":0.5873923897743225,"orthographic":false}