{"cameraMode":{"drawMode":0,"name":"Shaded","section":"Shading Mode"},"sceneLighting":false,"audioPlay":false,"sceneViewState":{"showFog":true,"showMaterialUpdate":false,"showSkybox":false,"showFlares":true,"showImageEffects":true,"showParticleSystems":true},"in2DMode":false,"pivot":{"x":-0.20702706277370454,"y":-0.3780359625816345,"z":0.6213607788085938},"rotation":{"x":0.057140059769153598,"y":-0.9389575719833374,"z":0.191616028547287,"w":0.27998074889183047},"size":0.21867328882217408,"orthographic":false}