{"cameraMode":{"drawMode":0,"name":"Shaded","section":"Shading Mode"},"sceneLighting":false,"audioPlay":false,"sceneViewState":{"showFog":true,"showMaterialUpdate":false,"showSkybox":false,"showFlares":true,"showImageEffects":true,"showParticleSystems":true},"in2DMode":false,"pivot":{"x":-0.4526093900203705,"y":0.6963858008384705,"z":0.20042002201080323},"rotation":{"x":0.057140059769153598,"y":-0.9389575719833374,"z":0.191616028547287,"w":0.27998074889183047},"size":0.7375994324684143,"orthographic":false}