{"cameraMode":{"drawMode":0,"name":"Shaded","section":"Shading Mode"},"sceneLighting":false,"audioPlay":false,"sceneViewState":{"showFog":true,"showMaterialUpdate":false,"showSkybox":false,"showFlares":true,"showImageEffects":true,"showParticleSystems":true},"in2DMode":false,"pivot":{"x":2.2813122272491457,"y":-0.3654160499572754,"z":-1.244062900543213},"rotation":{"x":0.22509996592998506,"y":0.37274202704429629,"z":-0.09371302276849747,"w":0.8953316807746887},"size":3.558614730834961,"orthographic":false}