{"cameraMode":{"drawMode":0,"name":"Shaded","section":"Shading Mode"},"sceneLighting":true,"audioPlay":false,"sceneViewState":{"showFog":true,"showMaterialUpdate":false,"showSkybox":false,"showFlares":true,"showImageEffects":true,"showParticleSystems":true},"in2DMode":false,"pivot":{"x":-1.0987967252731324,"y":1.393242597579956,"z":0.5502766370773315},"rotation":{"x":-0.1155589297413826,"y":-0.7751590609550476,"z":0.1485234946012497,"w":-0.603110134601593},"size":0.10526949167251587,"orthographic":false}