{"cameraMode":{"drawMode":0,"name":"Shaded","section":"Shading Mode"},"sceneLighting":false,"audioPlay":false,"sceneViewState":{"showFog":true,"showMaterialUpdate":false,"showSkybox":false,"showFlares":true,"showImageEffects":true,"showParticleSystems":true},"in2DMode":false,"pivot":{"x":-0.06994962692260742,"y":0.6984086036682129,"z":0.013588905334472657},"rotation":{"x":-0.02848500944674015,"y":-0.9670005440711975,"z":0.22011210024356843,"w":-0.12515588104724885},"size":0.8640221953392029,"orthographic":false}