{"cameraMode":{"drawMode":0,"name":"Shaded","section":"Shading Mode"},"sceneLighting":false,"audioPlay":false,"sceneViewState":{"showFog":true,"showMaterialUpdate":false,"showSkybox":true,"showFlares":true,"showImageEffects":true,"showParticleSystems":true},"in2DMode":false,"pivot":{"x":-6.745726585388184,"y":27.86692237854004,"z":1.717361330986023},"rotation":{"x":0.4182894825935364,"y":-0.5733734965324402,"z":-0.5584254860877991,"w":-0.4294884502887726},"size":4.135534286499023,"orthographic":false}