{"cameraMode":{"drawMode":0,"name":"Shaded","section":"Shading Mode"},"sceneLighting":false,"audioPlay":false,"sceneViewState":{"showFog":true,"showMaterialUpdate":false,"showSkybox":false,"showFlares":true,"showImageEffects":true,"showParticleSystems":true},"in2DMode":false,"pivot":{"x":593.8717041015625,"y":11.16319751739502,"z":627.3863525390625},"rotation":{"x":0.06436645239591599,"y":0.11053366214036942,"z":-0.007174317725002766,"w":0.9917629361152649},"size":1.7586132287979127,"orthographic":false}