{"cameraMode":{"drawMode":0,"name":"Shaded","section":"Shading Mode"},"sceneLighting":false,"audioPlay":false,"sceneViewState":{"showFog":true,"showMaterialUpdate":false,"showSkybox":false,"showFlares":true,"showImageEffects":true,"showParticleSystems":true},"in2DMode":false,"pivot":{"x":1.4901161193847657e-8,"y":0.5874778032302856,"z":-2.2351741790771486e-8},"rotation":{"x":0.057140059769153598,"y":-0.9389575719833374,"z":0.191616028547287,"w":0.27998074889183047},"size":0.8117176294326782,"orthographic":false}