{"cameraMode":{"drawMode":0,"name":"Shaded","section":"Shading Mode"},"sceneLighting":false,"audioPlay":false,"sceneViewState":{"showFog":true,"showMaterialUpdate":false,"showSkybox":false,"showFlares":true,"showImageEffects":true,"showParticleSystems":true},"in2DMode":false,"pivot":{"x":0.13561834394931794,"y":0.43320637941360476,"z":1.0457168817520142},"rotation":{"x":-0.017159998416900636,"y":-0.982537031173706,"z":-0.1181662455201149,"w":0.14276312291622163},"size":1.2284741401672364,"orthographic":false}