{"cameraMode":{"drawMode":0,"name":"Shaded","section":"Shading Mode"},"sceneLighting":true,"audioPlay":false,"sceneViewState":{"showFog":true,"showMaterialUpdate":false,"showSkybox":true,"showFlares":true,"showImageEffects":true,"showParticleSystems":true},"in2DMode":false,"pivot":{"x":593.2710571289063,"y":11.628518104553223,"z":626.873046875},"rotation":{"x":0.06707168370485306,"y":-0.1416982114315033,"z":0.009622725658118725,"w":0.987591028213501},"size":1.4589717388153077,"orthographic":false}